Name,Slug
App Store,app-store
App Updates,app-updates
Apple,apple
Articulation,articulation
Articulation Station,articulation-station
Articulation Station Hive,articulation-station-hive
Articulation Station Pro Español,articulation-station-pro-español
Articulation Test Center,articulation-test-center
Articulation Test Center Hive,articulation-test-center-hive
Assessment,assessment
Caseload,caseload
Early Language Development,early-language-development
Graduate School,graduate-school
IEP,iep
Language Development,language-development
Literacy,literacy
Little Bee Hive,little-bee-hive
Little Stories App,little-stories-app
Little Stories Pro,little-stories-pro
Minimal Pairs,minimal-pairs
Misc. update,misc-update
Multimodal Cueing,multimodal-cueing
New Apps,new-apps
Parents,parents
Phonology,phonology
Reading,reading
Research,research
Scheduling,scheduling
School SLPs,school-slps
SLP Summit,slp-summit
Speech Resources,speech-resources
Speech Sound Disorders,speech-sound-disorders
Stickers,stickers
Teletherapy,teletherapy
Uncategorized,uncategorized
Using Technology,using-technology
